http://vesparty.co.il/insta-gram-bomm/,http://178.62.196.54/blog/insta-gram-bomm/
http://vesparty.co.il/%d7%91%d7%a0%d7%99%d7%94-%d7%a7%d7%9c%d7%94-%d7%91%d7%a0%d7%99%d7%94-%d7%99%d7%a8%d7%95%d7%a7%d7%94%d7%a9%d7%99%d7%98%d7%aa-%d7%9e%d7%99%d7%99%d7%98%d7%a7-%d7%90%d7%95-%d7%90%d7%97%d7%a8%d7%aa/,http://178.62.196.54/blog/d791d7a0d799d794-d7a7d79cd794-d791d7a0d799d794-d799d7a8d795d7a7d794d7a9d799d798d7aa-d79ed799d799d798d/
http://vesparty.co.il/%d7%a9%d7%99%d7%aa%d7%95%d7%a4%d7%99-%d7%a4%d7%a2%d7%95%d7%9c%d7%94/,http://178.62.196.54/blog/d7a9d799d7aad795d7a4d799-d7a4d7a2d795d79cd794/
http://vesparty.co.il/%d7%a2%d7%9c%d7%95%d7%aa-%d7%a9%d7%9c%d7%93-%d7%97%d7%95%d7%9e%d7%a8-%d7%95%d7%a2%d7%91%d7%95%d7%93%d7%94-%d7%a0%d7%9b%d7%95%d7%9f-%d7%9c%d7%99%d7%95%d7%a0%d7%99-2014/,http://178.62.196.54/blog/d7a2d79cd795d7aa-d7a9d79cd793-d797d795d79ed7a8-d795d7a2d791d795d793d794-d7a0d79bd795d79f-d79cd799d795/
http://vesparty.co.il/%d7%91%d7%95%d7%a0%d7%99%d7%9d-%d7%91%d7%99%d7%aa-%d7%90%d7%95%d7%9e%d7%a8-%d7%aa%d7%95%d7%93%d7%94/,http://178.62.196.54/blog/d791d795d7a0d799d79d-d791d799d7aa-d790d795d79ed7a8-d7aad795d793d794/
http://vesparty.co.il/%d7%94%d7%97%d7%95%d7%95%d7%99%d7%94-%d7%94%d7%90%d7%99%d7%a9%d7%99%d7%aa-%d7%a9%d7%9c%d7%99-%d7%9e%d7%a4%d7%a8%d7%95%d7%99%d7%99%d7%a7%d7%98-%d7%94%d7%91%d7%a0%d7%99%d7%99%d7%94-%d7%95%d7%9c%d7%99/,http://178.62.196.54/blog/d794d797d795d795d799d794-d794d790d799d7a9d799d7aa-d7a9d79cd799-d79ed7a4d7a8d795d799d799d7a7d798-d794d/
http://vesparty.co.il/%d7%a7%d7%a0%d7%99%d7%99%d7%aa-%d7%aa%d7%9b%d7%95%d7%9c%d7%aa-%d7%91%d7%99%d7%aa-%d7%91%d7%a1%d7%99%d7%9f-%d7%99%d7%95%d7%9e%d7%9f-%d7%9e%d7%a1%d7%a2-%d7%a9%d7%9c-%d7%91%d7%95%d7%a0%d7%94-%d7%a4/,http://178.62.196.54/blog/d7a7d7a0d799d799d7aa-d7aad79bd795d79cd7aa-d791d799d7aa-d791d7a1d799d79f-d799d795d79ed79f-d79ed7a1d7a2/
http://vesparty.co.il/%d7%94%d7%a7%d7%9e%d7%aa-%d7%92%d7%99%d7%a0%d7%94-%d7%a4%d7%a8%d7%98%d7%99%d7%aa-%d7%95%d7%91%d7%99%d7%a6%d7%95%d7%a2-%d7%93%d7%a9%d7%90-%d7%a1%d7%99%d7%a0%d7%98%d7%98%d7%99/,http://178.62.196.54/blog/d794d7a7d79ed7aa-d792d799d7a0d794-d7a4d7a8d798d799d7aa-d795d791d799d7a6d795d7a2-d793d7a9d790-d7a1d799/
http://vesparty.co.il/%d7%9e%d7%99%d7%95%d7%9e%d7%a0%d7%95-%d7%a9%d7%9c-%d7%91%d7%95%d7%a0%d7%94-%d7%9c%d7%a0%d7%a1%d7%95%d7%a2-%d7%a2%d7%93-%d7%9c%d7%a1%d7%99%d7%9f-%d7%9b%d7%93%d7%99-%d7%9c%d7%a7%d7%a0%d7%95%d7%aa/,http://178.62.196.54/blog/d79ed799d795d79ed7a0d795-d7a9d79c-d791d795d7a0d794-d79cd7a0d7a1d795d7a2-d7a2d793-d79cd7a1d799d79f-d79b/
http://vesparty.co.il/%d7%91%d7%a0%d7%99%d7%99%d7%aa-%d7%9e%d7%a8%d7%aa%d7%a3-%d7%94%d7%90%d7%9d-%d7%9b%d7%93%d7%90%d7%99-%d7%9e%d7%94%d7%9d-%d7%94%d7%a2%d7%9c%d7%95%d7%99%d7%95%d7%aa-%d7%90%d7%99%d7%9a-%d7%91%d7%95/,http://178.62.196.54/blog/d791d7a0d799d799d7aa-d79ed7a8d7aad7a3-d794d790d79d-d79bd793d790d799-d79ed794d79d-d794d7a2d79cd795d799/
http://vesparty.co.il/%d7%90%d7%99%d7%96%d7%94-%d7%91%d7%9c%d7%95%d7%a7-%d7%9e%d7%91%d7%95%d7%93%d7%93-%d7%94%d7%9b%d7%99-%d7%98%d7%95%d7%91-%d7%90%d7%99%d7%98%d7%95%d7%a0%d7%92-%d7%a4%d7%95%d7%9e%d7%99%d7%a1-%d7%90/,http://178.62.196.54/blog/d790d799d796d794-d791d79cd795d7a7-d79ed791d795d793d793-d794d79bd799-d798d795d791-d790d799d798d795d7a0/
http://vesparty.co.il/10-%d7%98%d7%a2%d7%95%d7%99%d7%95%d7%aa-%d7%91%d7%a0%d7%99%d7%99%d7%94-%d7%a0%d7%a4%d7%95%d7%a6%d7%95%d7%aa-%d7%95%d7%90%d7%99%d7%9a-%d7%9c%d7%94%d7%99%d7%9e%d7%a0%d7%a2-%d7%9e%d7%94%d7%9d/,http://178.62.196.54/blog/10-d798d7a2d795d799d795d7aa-d791d7a0d799d799d794-d7a0d7a4d795d7a6d795d7aa-d795d790d799d79a-d79cd794d79/
http://vesparty.co.il/%d7%94%d7%aa%d7%a7%d7%a0%d7%aa-%d7%9e%d7%99%d7%96%d7%95%d7%92-%d7%9e%d7%a8%d7%9b%d7%96%d7%99-%d7%93%d7%a7-%d7%91%d7%93%d7%99%d7%a7%d7%aa-%d7%9e%d7%9e%d7%93-%d7%94%d7%aa%d7%a7%d7%a0%d7%aa-%d7%9e/,http://178.62.196.54/blog/d794d7aad7a7d7a0d7aa-d79ed799d796d795d792-d79ed7a8d79bd796d799-d793d7a7-d791d793d799d7a7d7aa-d79ed79e/
http://vesparty.co.il/%d7%a6%d7%91%d7%a2-%d7%a4%d7%a0%d7%99%d7%9d-%d7%94%d7%a8%d7%9b%d7%91%d7%aa-%d7%97%d7%9c%d7%95%d7%a0%d7%95%d7%aa-%d7%90%d7%9c%d7%95%d7%9e%d7%a0%d7%99%d7%95%d7%9d-%d7%94%d7%a8%d7%9b%d7%91%d7%aa/,http://178.62.196.54/blog/d7a6d791d7a2-d7a4d7a0d799d79d-d794d7a8d79bd791d7aa-d797d79cd795d7a0d795d7aa-d790d79cd795d79ed7a0d799d/
http://vesparty.co.il/%d7%a8%d7%99%d7%a6%d7%95%d7%a3%d7%a8%d7%99%d7%a6%d7%95%d7%a3-%d7%97%d7%95%d7%a5%d7%90%d7%99%d7%98%d7%95%d7%9d-%d7%92%d7%92%d7%95%d7%aa%d7%9e%d7%a7%d7%9c%d7%97%d7%95%d7%aa-%d7%95%d7%91%d7%a6%d7%95/,http://178.62.196.54/blog/d7a8d799d7a6d795d7a3d7a8d799d7a6d795d7a3-d797d795d7a5d790d799d798d795d79d-d792d792d795d7aad79ed7a7d7/
http://vesparty.co.il/%d7%a2%d7%9c%d7%95%d7%99%d7%95%d7%aa-%d7%98%d7%99%d7%97-%d7%a9%d7%97%d7%95%d7%a8%d7%90%d7%99%d7%98%d7%95%d7%9d-%d7%92%d7%92%d7%95%d7%aa%d7%91%d7%99%d7%a6%d7%95%d7%a2-%d7%9e%d7%a8%d7%9b%d7%96%d7%99/,http://178.62.196.54/blog/d7a2d79cd795d799d795d7aa-d798d799d797-d7a9d797d795d7a8d790d799d798d795d79d-d792d792d795d7aad791d799d7/
http://vesparty.co.il/%d7%98%d7%99%d7%97-%d7%a4%d7%a0%d7%99%d7%9d/,http://178.62.196.54/blog/d798d799d797-d7a4d7a0d799d79d/
http://vesparty.co.il/%d7%94%d7%9e%d7%a9%d7%9a-%d7%94%d7%9b%d7%a0%d7%95%d7%aa-%d7%9c%d7%98%d7%99%d7%97-%d7%9e%d7%a9%d7%a7%d7%95%d7%a4%d7%99%d7%9d-%d7%a2%d7%99%d7%95%d7%95%d7%a8%d7%99%d7%9d-%d7%9c%d7%97%d7%9c%d7%95%d7%a0/,http://178.62.196.54/blog/d794d79ed7a9d79a-d794d79bd7a0d795d7aa-d79cd798d799d797-d79ed7a9d7a7d795d7a4d799d79d-d7a2d799d795d795d/
http://vesparty.co.il/%d7%90%d7%99%d7%9a-%d7%9e%d7%97%d7%a9%d7%91%d7%99%d7%9d-%d7%9b%d7%9e%d7%94-%d7%91%d7%9c%d7%95%d7%a7%d7%99%d7%9d-%d7%99%d7%a9-%d7%91%d7%a7%d7%95%d7%91/,http://178.62.196.54/blog/d790d799d79a-d79ed797d7a9d791d799d79d-d79bd79ed794-d791d79cd795d7a7d799d79d-d799d7a9-d791d7a7d795d791/
http://vesparty.co.il/%d7%9e%d7%a9%d7%9b%d7%a0%d7%aa%d7%90-%d7%96%d7%95-%d7%9c%d7%90-%d7%a2%d7%95%d7%93-%d7%a7%d7%a0%d7%99%d7%94/,http://178.62.196.54/blog/d79ed7a9d79bd7a0d7aad790-d796d795-d79cd790-d7a2d795d793-d7a7d7a0d799d794/
http://vesparty.co.il/%d7%a9%d7%99%d7%a9-%d7%9c%d7%9e%d7%98%d7%91%d7%97-%d7%93%d7%a7-%d7%94%d7%a8%d7%9b%d7%91%d7%aa-%d7%9b%d7%9c%d7%99%d7%9d-%d7%a1%d7%a0%d7%99%d7%98%d7%a8%d7%99%d7%99%d7%9d-%d7%9e%d7%93%d7%a8%d7%92/,http://178.62.196.54/blog/d7a9d799d7a9-d79cd79ed798d791d797-d793d7a7-d794d7a8d79bd791d7aa-d79bd79cd799d79d-d7a1d7a0d799d798d7a8/
http://vesparty.co.il/19-%d7%98%d7%99%d7%a4%d7%99%d7%9d-%d7%a2%d7%9c-%d7%90%d7%99%d7%a0%d7%a1%d7%98%d7%9c%d7%a6%d7%99%d7%94/,http://178.62.196.54/blog/19-d798d799d7a4d799d79d-d7a2d79c-d790d799d7a0d7a1d798d79cd7a6d799d794/
http://vesparty.co.il/%d7%9c%d7%95%d7%a7%d7%97%d7%99%d7%9d-%d7%94%d7%a6%d7%a2%d7%95%d7%aa-%d7%9e%d7%97%d7%99%d7%a8-%d7%9e%d7%a1%d7%a4%d7%a7%d7%99-%d7%97%d7%95%d7%9e%d7%a8%d7%99-%d7%94%d7%91%d7%a0%d7%99%d7%99%d7%9f-%d7%9b/,http://178.62.196.54/blog/d79cd795d7a7d797d799d79d-d794d7a6d7a2d795d7aa-d79ed797d799d7a8-d79ed7a1d7a4d7a7d799-d797d795d79ed7a8d/
http://vesparty.co.il/%d7%91%d7%a0%d7%99%d7%99%d7%aa-%d7%92%d7%92-%d7%a8%d7%a2%d7%a4%d7%99%d7%9d-%d7%9e%d7%99%d7%95%d7%9e%d7%a0%d7%95-%d7%a9%d7%9c-%d7%91%d7%95%d7%a0%d7%94/,http://178.62.196.54/blog/d791d7a0d799d799d7aa-d792d792-d7a8d7a2d7a4d799d79d-d79ed799d795d79ed7a0d795-d7a9d79c-d791d795d7a0d794/
http://vesparty.co.il/%d7%92%d7%9e%d7%a8-%d7%91%d7%99%d7%aa-%d7%a2%d7%9c%d7%95%d7%99%d7%95%d7%aa-%d7%a6%d7%99%d7%95%d7%a0%d7%99%d7%9d-%d7%95%d7%9e%d7%a1%d7%a7%d7%a0%d7%95%d7%aa/,http://178.62.196.54/blog/d792d79ed7a8-d791d799d7aa-d7a2d79cd795d799d795d7aa-d7a6d799d795d7a0d799d79d-d795d79ed7a1d7a7d7a0d795d/
http://vesparty.co.il/%d7%a2%d7%9c%d7%95%d7%aa-%d7%9e%d7%98%d7%a8-%d7%91%d7%a0%d7%99%d7%99%d7%94-%d7%95%d7%a2%d7%9c%d7%95%d7%aa-%d7%9e%d7%98%d7%a8-%d7%a9%d7%9c%d7%93-%d7%9b%d7%95%d7%9c%d7%9c-%d7%91%d7%99%d7%a1%d7%95%d7%a1/,http://178.62.196.54/blog/d7a2d79cd795d7aa-d79ed798d7a8-d791d7a0d799d799d794-d795d7a2d79cd795d7aa-d79ed798d7a8-d7a9d79cd793-d79b/
http://vesparty.co.il/%d7%a2%d7%99%d7%9b%d7%95%d7%91-%d7%91%d7%a4%d7%95%d7%a1%d7%98-%d7%a1%d7%99%d7%95%d7%9d-%d7%a4%d7%a8%d7%95%d7%99%d7%a7%d7%98/,http://178.62.196.54/blog/d7a2d799d79bd795d791-d791d7a4d795d7a1d798-d7a1d799d795d79d-d7a4d7a8d795d799d7a7d798/
http://vesparty.co.il/%d7%a2%d7%93%d7%9b%d7%95%d7%9f-%d7%97%d7%a9%d7%95%d7%91/,http://178.62.196.54/blog/d7a2d793d79bd795d79f-d797d7a9d795d791/
http://vesparty.co.il/%d7%91%d7%a0%d7%99%d7%99%d7%aa-%d7%9e%d7%97%d7%99%d7%a6%d7%95%d7%aa-%d7%a4%d7%a0%d7%99%d7%9d%d7%91%d7%99%d7%98%d7%95%d7%9f-%d7%9e%d7%a9%d7%a7%d7%95%d7%a4%d7%99%d7%9d-%d7%a2%d7%99%d7%95%d7%95%d7%a8/,http://178.62.196.54/blog/d791d7a0d799d799d7aa-d79ed797d799d7a6d795d7aa-d7a4d7a0d799d79dd791d799d798d795d79f-d79ed7a9d7a7d795d7/
http://vesparty.co.il/%d7%91%d7%a0%d7%99%d7%99%d7%aa-%d7%a7%d7%95%d7%9e%d7%94-2-%d7%95%d7%97%d7%99%d7%91%d7%95%d7%a8-%d7%97%d7%a9%d7%9e%d7%9c-%d7%96%d7%9e%d7%a0%d7%99/,http://178.62.196.54/blog/d791d7a0d799d799d7aa-d7a7d795d79ed794-2-d795d797d799d791d795d7a8-d797d7a9d79ed79c-d796d79ed7a0d799/
http://vesparty.co.il/%d7%99%d7%a6%d7%99%d7%a7%d7%aa-%d7%9e%d7%93%d7%a8%d7%92%d7%95%d7%aa-%d7%95%d7%a2%d7%9e%d7%95%d7%93%d7%99%d7%9d-%d7%95%d7%94%d7%9e%d7%a9%d7%9a-%d7%94%d7%9b%d7%a0%d7%95%d7%aa-%d7%9c%d7%98%d7%a4%d7%a1/,http://178.62.196.54/blog/d799d7a6d799d7a7d7aa-d79ed793d7a8d792d795d7aa-d795d7a2d79ed795d793d799d79d-d795d794d79ed7a9d79a-d794d/
http://vesparty.co.il/%d7%94%d7%9e%d7%a9%d7%9a-%d7%91%d7%a0%d7%99%d7%99%d7%94%d7%91%d7%99%d7%a6%d7%95%d7%a2-%d7%93%d7%99%d7%90%d7%92%d7%95%d7%a0%d7%9c%d7%98%d7%a4%d7%a1%d7%a0%d7%95%d7%aa-%d7%9e%d7%9e%d7%93-%d7%95%d7%91/,http://178.62.196.54/blog/d794d79ed7a9d79a-d791d7a0d799d799d794d791d799d7a6d795d7a2-d793d799d790d792d795d7a0d79cd798d7a4d7a1d7
http://vesparty.co.il/%d7%90%d7%99%d7%98%d7%95%d7%9d-%d7%a7%d7%95%d7%a8%d7%95%d7%aa-%d7%a7%d7%a9%d7%a8/,http://178.62.196.54/blog/d790d799d798d795d79d-d7a7d795d7a8d795d7aa-d7a7d7a9d7a8
http://vesparty.co.il/%d7%94%d7%9e%d7%a9%d7%9a-%d7%91%d7%a0%d7%99%d7%99%d7%aa-%d7%91%d7%9c%d7%95%d7%a7%d7%99%d7%9d-%d7%97%d7%92%d7%95%d7%a8%d7%95%d7%aa-%d7%91%d7%98%d7%95%d7%9f-%d7%9c%d7%97%d7%9c%d7%95%d7%a0%d7%95%d7%aa/,http://178.62.196.54/blog/d794d79ed7a9d79a-d791d7a0d799d799d7aa-d791d79cd795d7a7d799d79d-d797d792d795d7a8d795d7aa-d791d798d795d/
http://vesparty.co.il/%d7%91%d7%a0%d7%99%d7%99%d7%aa-%d7%91%d7%9c%d7%95%d7%a7%d7%99%d7%9d/,http://178.62.196.54/blog/d791d7a0d799d799d7aa-d791d79cd795d7a7d799d79d/
http://vesparty.co.il/%d7%99%d7%a6%d7%99%d7%a7%d7%aa-%d7%a8%d7%99%d7%a6%d7%a4%d7%94-15/,http://178.62.196.54/blog/d799d7a6d799d7a7d7aa-d7a8d799d7a6d7a4d794-15/
http://vesparty.co.il/%d7%a7%d7%99%d7%93%d7%95%d7%97%d7%99%d7%9d-%d7%95%d7%99%d7%a6%d7%99%d7%a7%d7%aa-%d7%94%d7%9b%d7%9c%d7%95%d7%a0%d7%a1%d7%90%d7%95%d7%aa/,http://178.62.196.54/blog/d7a7d799d793d795d797d799d79d-d795d799d7a6d799d7a7d7aa-d794d79bd79cd795d7a0d7a1d790d795d7aa/
http://vesparty.co.il/%d7%a9%d7%9c%d7%99%d7%9b%d7%98-%d7%a6%d7%91%d7%a2%d7%95%d7%a0%d7%99/,http://178.62.196.54/blog/d7a9d79cd799d79bd798-d7a6d791d7a2d795d7a0d799/
http://vesparty.co.il/%d7%98%d7%99%d7%97-%d7%97%d7%95%d7%a5-%d7%95%d7%a1%d7%a4%d7%99-%d7%a9%d7%99%d7%a9/,http://178.62.196.54/blog/d798d799d797-d797d795d7a5-d795d7a1d7a4d799-d7a9d799d7a9/
http://vesparty.co.il/%d7%98%d7%99%d7%97-%d7%90%d7%9c%d7%95%d7%9e%d7%a0%d7%99%d7%95%d7%9d-%d7%95%d7%94%d7%9e%d7%a9%d7%9a-%d7%94%d7%9b%d7%a0%d7%95%d7%aa-%d7%95%d7%93%d7%92%d7%a9%d7%99%d7%9d/,http://178.62.196.54/blog/d798d799d797-d790d79cd795d79ed7a0d799d795d79d-d795d794d79ed7a9d79a-d794d79bd7a0d795d7aa-d795d793d792d/
http://vesparty.co.il/%d7%94%d7%9b%d7%a0%d7%95%d7%aa-%d7%9c%d7%98%d7%99%d7%97-%d7%95%d7%a2%d7%9c%d7%95%d7%99%d7%95%d7%aa-%d7%a9%d7%9c%d7%93/,http://178.62.196.54/blog/d794d79bd7a0d795d7aa-d79cd798d799d797-d795d7a2d79cd795d799d795d7aa-d7a9d79cd793/
http://vesparty.co.il/%d7%98%d7%a4%d7%a1%d7%a0%d7%95%d7%aa-%d7%95%d7%99%d7%a6%d7%99%d7%a7%d7%aa-%d7%aa%d7%99%d7%a7%d7%a8%d7%94-%d7%91%d7%9e%d7%99%d7%9c%d7%95%d7%99-%d7%90%d7%99%d7%98%d7%95%d7%a0%d7%92/,http://178.62.196.54/blog/d798d7a4d7a1d7a0d795d7aa-d795d799d7a6d799d7a7d7aa-d7aad799d7a7d7a8d794-d791d79ed799d79cd795d799-d790d/
http://vesparty.co.il/%d7%a7%d7%95%d7%a8%d7%a1-%d7%91%d7%9e%d7%a8%d7%9b%d7%96-%d7%94%d7%91%d7%a0%d7%99%d7%99%d7%94-%d7%9b%d7%9f-%d7%90%d7%95-%d7%9c%d7%90/,http://178.62.196.54/blog/d7a7d795d7a8d7a1-d791d79ed7a8d79bd796-d794d791d7a0d799d799d794-d79bd79f-d790d795-d79cd790/
http://vesparty.co.il/%d7%94%d7%9e%d7%a9%d7%9a-%d7%aa%d7%99%d7%9b%d7%a0%d7%95%d7%9f-%d7%95%d7%94%d7%9b%d7%a0%d7%aa-%d7%98%d7%a4%d7%a1%d7%a0%d7%95%d7%aa-%d7%9c%d7%99%d7%a6%d7%99%d7%a7%d7%aa-%d7%9e%d7%93%d7%a8%d7%92%d7%95/,http://178.62.196.54/blog/d794d79ed7a9d79a-d7aad799d79bd7a0d795d79f-d795d794d79bd7a0d7aa-d798d7a4d7a1d7a0d795d7aa-d79cd799d7a6d/
http://vesparty.co.il/%d7%99%d7%a6%d7%99%d7%a7%d7%aa-%d7%97%d7%92%d7%95%d7%a8%d7%95%d7%aa-%d7%91%d7%98%d7%95%d7%9f-%d7%a2%d7%9c%d7%99%d7%95%d7%a0%d7%95%d7%aa-%d7%95%d7%99%d7%a6%d7%99%d7%a7%d7%aa-%d7%9e%d7%9e%d7%93/,http://178.62.196.54/blog/d799d7a6d799d7a7d7aa-d797d792d795d7a8d795d7aa-d791d798d795d79f-d7a2d79cd799d795d7a0d795d7aa-d795d799d/
http://vesparty.co.il/%d7%9e%d7%aa%d7%97%d7%99%d7%9c%d7%99%d7%9d-%d7%94%d7%99%d7%aa%d7%a8-%d7%91%d7%a0%d7%99%d7%99%d7%94-%d7%90%d7%93%d7%a8%d7%99%d7%9b%d7%9c%d7%9e%d7%94%d7%a0%d7%93%d7%a1-%d7%95%d7%9b%d7%9c-%d7%94%d7%aa/,http://178.62.196.54/blog/d79ed7aad797d799d79cd799d79d-d794d799d7aad7a8-d791d7a0d799d799d794-d790d793d7a8d799d79bd79cd79ed794d7/